SKU #,Price,Coupon
844197014873,$13.99,Save 15% off Code 15FLASH Ends: 8/21 at 9 a.m. ET
016500595793,$11.19,Save 15% off Code 15FLASH Ends: 8/21 at 9 a.m. ET
021888108930,$38.49,Save 15% off Code 15FLASH Ends: 8/21 at 9 a.m. ETSave 20% off Code ALLRAINBOW Ends: 8/26 at 7 a.m. ET
895634000294,$5.89,Save 15% off Code 15FLASH Ends: 8/21 at 9 a.m. ET
033674156865,$20.29,Save 15% off Code 15FLASH Ends: 8/21 at 9 a.m. ET
727783901484,$80.97,Save 15% off Code 15FLASH Ends: 8/21 at 9 a.m. ETSave 15% off Code 15ALLNC Ends: 8/21 at 7 a.m. ET
895634000027,$9.59,Save 15% off Code 15FLASH Ends: 8/21 at 9 a.m. ET
844197014927,$16.99,Save 15% off Code 15FLASH Ends: 8/21 at 9 a.m. ET
097467305878,$20.36,Save 15% off Code 15FLASH Ends: 8/21 at 9 a.m. ET
097467307018,$53.08,Save 15% off Code 15FLASH Ends: 8/21 at 9 a.m. ET
305734756521,$14.99,Save 15% off Code 15FLASH Ends: 8/21 at 9 a.m. ET
033674150924,$12.29,Save 15% off Code 15FLASH Ends: 8/21 at 9 a.m. ET
031604017965,$10.49,Save 15% off Code 15FLASH Ends: 8/21 at 9 a.m. ET
766298114996,$45.20,Save 15% off Code 15FLASH Ends: 8/21 at 9 a.m. ET
737870231417,$20.29,Save 15% off Code 15FLASH Ends: 8/21 at 9 a.m. ET
727783003348,$51.19,Save 15% off Code 15FLASH Ends: 8/21 at 9 a.m. ETSave 15% off Code 15ALLNC Ends: 8/21 at 7 a.m. ET
658010117784,$64.39,Save 15% off Code 15FLASH Ends: 8/21 at 9 a.m. ET
021888217250,$30.99,Save 15% off Code 15FLASH Ends: 8/21 at 9 a.m. ETSave 20% off Code ALLRAINBOW Ends: 8/26 at 7 a.m. ET
658010115506,$21.69,Save 15% off Code 15FLASH Ends: 8/21 at 9 a.m. ET
851356004019,$20.29,Save 15% off Code 15FLASH Ends: 8/21 at 9 a.m. ET
844197011018,$19.99,Save 15% off Code 15FLASH Ends: 8/21 at 9 a.m. ET
817053020790,$22.29,Save 15% off Code 15FLASH Ends: 8/21 at 9 a.m. ET
097467299283,$26.99,Save 15% off Code 15FLASH Ends: 8/21 at 9 a.m. ET
658010120272,$26.59,Save 15% off Code 15FLASH Ends: 8/21 at 9 a.m. ET
033674136614,$10.89,Save 15% off Code 15FLASH Ends: 8/21 at 9 a.m. ET
844197016976,$14.99,Save 15% off Code 15FLASH Ends: 8/21 at 9 a.m. ET
033674139417,$38.49,Save 15% off Code 15FLASH Ends: 8/21 at 9 a.m. ET
097467305991,$58.49,Save 15% off Code 15FLASH Ends: 8/21 at 9 a.m. ET
844197011315,$45.99,Save 15% off Code 15FLASH Ends: 8/21 at 9 a.m. ET
021888204250,$36.99,Save 15% off Code 15FLASH Ends: 8/21 at 9 a.m. ETSave 20% off Code ALLRAINBOW Ends: 8/26 at 7 a.m. ET
051494103272,$50.99,Save 15% off Code 15FLASH Ends: 8/21 at 9 a.m. ET
658010117678,$39.89,Save 15% off Code 15FLASH Ends: 8/21 at 9 a.m. ET
021888108831,$39.39,Save 15% off Code 15FLASH Ends: 8/21 at 9 a.m. ETSave 20% off Code ALLRAINBOW Ends: 8/26 at 7 a.m. ET
033674158999,$14.89,Save 15% off Code 15FLASH Ends: 8/21 at 9 a.m. ET
743650003433,$39.56,Save 15% off Code 15FLASH Ends: 8/21 at 9 a.m. ET
710363575472,$31.99,Save 15% off Code 15FLASH Ends: 8/21 at 9 a.m. ET
844197011292,$38.99,Save 15% off Code 15FLASH Ends: 8/21 at 9 a.m. ET
835003004775,$45.99,Save 15% off Code 15FLASH Ends: 8/21 at 9 a.m. ET
051494101056,$46.99,Save 15% off Code 15FLASH Ends: 8/21 at 9 a.m. ET
733739038029,$17.39,Save 15% off Code 15FLASH Ends: 8/21 at 9 a.m. ET
021888800018,$33.49,Save 15% off Code 15FLASH Ends: 8/21 at 9 a.m. ETSave 20% off Code ALLRAINBOW Ends: 8/26 at 7 a.m. ET
033674153956,$35.29,Save 15% off Code 15FLASH Ends: 8/21 at 9 a.m. ET
727783003119,$51.69,Save 15% off Code 15FLASH Ends: 8/21 at 9 a.m. ETSave 15% off Code 15ALLNC Ends: 8/21 at 7 a.m. ET
051494101803,$26.99,Save 15% off Code 15FLASH Ends: 8/21 at 9 a.m. ET
727783003041,$59.59,Save 15% off Code 15FLASH Ends: 8/21 at 9 a.m. ETSave 15% off Code 15ALLNC Ends: 8/21 at 7 a.m. ET
015794080305,$18.97,Save 15% off Code 15FLASH Ends: 8/21 at 9 a.m. ET
733739038913,$31.09,Save 15% off Code 15FLASH Ends: 8/21 at 9 a.m. ET
068958355177,$30.07,Save 15% off Code 15FLASH Ends: 8/21 at 9 a.m. ET
727783003331,$51.49,Save 15% off Code 15FLASH Ends: 8/21 at 9 a.m. ETSave 15% off Code 15ALLNC Ends: 8/21 at 7 a.m. ET
835003005055,$34.99,Save 15% off Code 15FLASH Ends: 8/21 at 9 a.m. ET
076280047318,$30.58,Save 15% off Code 15FLASH Ends: 8/21 at 9 a.m. ET
850026121834,$49.99,Save 15% off Code 15FLASH Ends: 8/21 at 9 a.m. ET
748927052275,$43.49,Save 15% off Code 15FLASH Ends: 8/21 at 9 a.m. ETSave $10 off $60 or $20 off $100 Code SPORTS10/SPORTS20 Ends: 8/26 at 7 a.m. ET
031604017910,$10.99,Save 15% off Code 15FLASH Ends: 8/21 at 9 a.m. ET
015794081920,$21.69,Save 15% off Code 15FLASH Ends: 8/21 at 9 a.m. ET
074306801005,$78.40,Save 15% off Code 15FLASH Ends: 8/21 at 9 a.m. ET
027917019192,$12.59,Save 15% off Code 15FLASH Ends: 8/21 at 9 a.m. ET
850033272734,$19.95,Save 15% off Code 15FLASH Ends: 8/21 at 9 a.m. ET
817053023784,$15.00,Save 15% off Code 15FLASH Ends: 8/21 at 9 a.m. ET
033674157893,$13.99,Save 15% off Code 15FLASH Ends: 8/21 at 9 a.m. ET
076280047929,$15.11,Save 15% off Code 15FLASH Ends: 8/21 at 9 a.m. ET
852971004132,$38.29,Save 15% off Code 15FLASH Ends: 8/21 at 9 a.m. ET
027434003551,$35.79,Save 15% off Code 15FLASH Ends: 8/21 at 9 a.m. ET
027917019505,$13.00,Save 15% off Code 15FLASH Ends: 8/21 at 9 a.m. ET
737870231363,$19.69,Save 15% off Code 15FLASH Ends: 8/21 at 9 a.m. ET
076280047974,$14.06,Save 15% off Code 15FLASH Ends: 8/21 at 9 a.m. ET
813006010108,$21.25,Save 15% off Code 15FLASH Ends: 8/21 at 9 a.m. ET
816401023711,$25.46,Save 15% off Code 15FLASH Ends: 8/21 at 9 a.m. ET
658010118576,$81.19,Save 15% off Code 15FLASH Ends: 8/21 at 9 a.m. ET
851356004781,$27.29,Save 15% off Code 15FLASH Ends: 8/21 at 9 a.m. ET
051494102701,$46.99,Save 15% off Code 15FLASH Ends: 8/21 at 9 a.m. ET
097467305816,$27.99,Save 15% off Code 15FLASH Ends: 8/21 at 9 a.m. ET
305734757924,$14.00,Save 15% off Code 15FLASH Ends: 8/21 at 9 a.m. ET
051494103241,$55.99,Save 15% off Code 15FLASH Ends: 8/21 at 9 a.m. ET
021888217144,$10.19,Save 15% off Code 15FLASH Ends: 8/21 at 9 a.m. ETSave 20% off Code ALLRAINBOW Ends: 8/26 at 7 a.m. ET
810104620956,$22.95,Save 15% off Code 15FLASH Ends: 8/21 at 9 a.m. ET
658010133333,$18.89,Save 15% off Code 15FLASH Ends: 8/21 at 9 a.m. ET
033984028128,$20.99,Save 15% off Code 15FLASH Ends: 8/21 at 9 a.m. ET
051494101940,$46.99,Save 15% off Code 15FLASH Ends: 8/21 at 9 a.m. ET
759051050310,$34.95,Save 15% off Code 15FLASH Ends: 8/21 at 9 a.m. ET
844197019380,$24.99,Save 15% off Code 15FLASH Ends: 8/21 at 9 a.m. ET
858158005015,$14.14,Save 15% off Code 15FLASH Ends: 8/21 at 9 a.m. ET
051494104309,$55.99,Save 15% off Code 15FLASH Ends: 8/21 at 9 a.m. ET
816401023704,$25.46,Save 15% off Code 15FLASH Ends: 8/21 at 9 a.m. ET
727783003607,$47.39,Save 15% off Code 15FLASH Ends: 8/21 at 9 a.m. ETSave 15% off Code 15ALLNC Ends: 8/21 at 7 a.m. ET
727783903808,$25.29,Save 15% off Code 15FLASH Ends: 8/21 at 9 a.m. ETSave 15% off Code 15ALLNC Ends: 8/21 at 7 a.m. ET
305734786986,$20.69,Save 15% off Code 15FLASH Ends: 8/21 at 9 a.m. ET
844197011025,$29.99,Save 15% off Code 15FLASH Ends: 8/21 at 9 a.m. ET
097467299320,$26.99,Save 15% off Code 15FLASH Ends: 8/21 at 9 a.m. ET
033674149249,$25.29,Save 15% off Code 15FLASH Ends: 8/21 at 9 a.m. ET
733739037756,$5.69,Save 15% off Code 15FLASH Ends: 8/21 at 9 a.m. ET
016500587026,$12.49,Save 15% off Code 15FLASH Ends: 8/21 at 9 a.m. ET
835003000234,$41.99,Save 15% off Code 15FLASH Ends: 8/21 at 9 a.m. ET
033984011823,$23.19,Save 15% off Code 15FLASH Ends: 8/21 at 9 a.m. ET
768990017414,$26.31,Save 15% off Code 15FLASH Ends: 8/21 at 9 a.m. ET
076280047455,$27.43,Save 15% off Code 15FLASH Ends: 8/21 at 9 a.m. ET
097467030862,$24.29,Save 15% off Code 15FLASH Ends: 8/21 at 9 a.m. ET
851356004835,$27.19,Save 15% off Code 15FLASH Ends: 8/21 at 9 a.m. ET
810104622370,$74.95,Save 15% off Code 15FLASH Ends: 8/21 at 9 a.m. ET
753950003002,$25.59,Save 15% off Code 15FLASH Ends: 8/21 at 9 a.m. ET
733739038173,$28.39,Save 15% off Code 15FLASH Ends: 8/21 at 9 a.m. ET
033674155424,$25.29,Save 15% off Code 15FLASH Ends: 8/21 at 9 a.m. ET
727783003072,$26.29,Save 15% off Code 15FLASH Ends: 8/21 at 9 a.m. ETSave 15% off Code 15ALLNC Ends: 8/21 at 7 a.m. ET
097467305519,$30.39,Save 15% off Code 15FLASH Ends: 8/21 at 9 a.m. ET
727783903501,$20.29,Save 15% off Code 15FLASH Ends: 8/21 at 9 a.m. ETSave 15% off Code 15ALLNC Ends: 8/21 at 7 a.m. ET
748927052497,$69.00,Save 15% off Code 15FLASH Ends: 8/21 at 9 a.m. ETSave $10 off $60 or $20 off $100 Code SPORTS10/SPORTS20 Ends: 8/26 at 7 a.m. ET
033984011533,$43.49,Save 15% off Code 15FLASH Ends: 8/21 at 9 a.m. ET
